2017-02-13 15:02:24,17,FR,2017-02-12 14:52:01,3.96
2017-02-11 11:39:29,8,RU,2017-02-09 11:35:33,3.05
2017-02-09 14:43:58,4,US,2017-02-09 14:27:29,9.11
2017-03-10 14:19:52,11,US,2017-03-06 14:13:01,3.16
2017-02-16 13:40:02,0,US,2017-02-13 13:34:27,7.45
2017-02-28 11:46:56,1,US,2017-02-22 11:46:18,4.26
2017-02-08 10:41:56,25,FR,2017-02-05 10:30:31,7.72
2017-03-31 10:36:35,21,RU,2017-03-21 10:29:04,8.76
2017-03-04 14:27:28,23,RU,2017-02-24 14:24:14,9.89
2017-02-20 12:15:38,28,US,2017-02-13 12:10:32,5.12
2017-02-18 11:50:45,8,RU,2017-02-09 11:35:33,6.87
2017-02-17 15:41:26,6,FR,2017-02-14 15:35:08,9.51
2017-02-15 11:41:03,19,US,2017-02-08 11:26:13,5.36
2017-03-09 11:52:20,15,RU,2017-02-28 11:37:13,4.24
2017-03-08 14:10:04,2,US,2017-02-26 14:07:32,4.12
2017-02-23 15:22:24,3,RU,2017-02-18 15:20:14,8.36
2017-03-13 13:25:44,10,FR,2017-03-10 13:14:46,2.25
2017-02-16 13:50:51,0,US,2017-02-13 13:34:27,7.66
2017-03-14 15:13:15,14,RU,2017-03-05 14:58:54,1.29
2017-02-27 14:25:55,23,RU,2017-02-24 14:24:14,9.93
2017-03-24 13:27:20,27,RU,2017-03-16 13:17:07,8.67
2017-02-07 10:43:06,25,FR,2017-02-05 10:30:31,7.89
2017-02-17 12:05:56,24,RU,2017-02-11 12:03:40,3.49
2017-02-26 13:06:48,29,US,2017-02-21 12:53:30,7.27
2017-02-13 15:03:51,16,US,2017-02-05 14:59:24,4.12
2017-03-05 14:32:15,23,RU,2017-02-24 14:24:14,8.44
2017-02-20 13:45:44,0,US,2017-02-13 13:34:27,6.95
2017-02-14 14:25:30,18,FR,2017-02-05 14:16:48,4.47
2017-02-13 15:07:30,16,US,2017-02-05 14:59:24,7.34
2017-03-06 14:27:10,11,US,2017-03-06 14:13:01,8.78
2017-03-21 10:38:04,21,RU,2017-03-21 10:29:04,7.65
2017-03-05 14:16:29,2,US,2017-02-26 14:07:32,3.54
2017-03-02 11:55:54,1,US,2017-02-22 11:46:18,7.81
2017-03-22 13:20:44,27,RU,2017-03-16 13:17:07,7.78
2017-02-09 14:22:32,18,FR,2017-02-05 14:16:48,6.81
2017-02-11 15:01:48,16,US,2017-02-05 14:59:24,6.35
2017-03-26 14:04:16,7,US,2017-03-20 14:00:56,6.61
2017-02-11 13:05:11,26,RU,2017-02-02 13:01:55,1.65
2017-03-20 13:26:39,27,RU,2017-03-16 13:17:07,4.88
2017-02-11 11:41:55,8,RU,2017-02-09 11:35:33,4.25
2017-02-08 14:28:54,18,FR,2017-02-05 14:16:48,7.25
2017-03-14 14:21:05,11,US,2017-03-06 14:13:01,4.42
2017-03-20 13:32:02,27,RU,2017-03-16 13:17:07,3.42
2017-02-19 12:11:06,24,RU,2017-02-11 12:03:40,8.04
2017-03-10 10:53:58,20,FR,2017-03-06 10:47:42,6.13
2017-02-13 12:19:48,24,RU,2017-02-11 12:03:40,1.36
2017-03-22 10:33:30,21,RU,2017-03-21 10:29:04,2.57
2017-02-25 14:36:13,23,RU,2017-02-24 14:24:14,8.93
2017-02-13 10:32:22,25,FR,2017-02-05 10:30:31,9.72
2017-03-21 10:38:28,21,RU,2017-03-21 10:29:04,5.3
2017-03-03 11:47:44,1,US,2017-02-22 11:46:18,2.18
2017-02-21 13:41:23,0,US,2017-02-13 13:34:27,6.91
2017-02-19 11:36:38,8,RU,2017-02-09 11:35:33,9.15
2017-02-11 15:13:44,16,US,2017-02-05 14:59:24,1.11
2017-03-27 14:12:25,7,US,2017-03-20 14:00:56,8.69
2017-02-20 12:11:01,28,US,2017-02-13 12:10:32,1.47
2017-02-16 11:33:39,19,US,2017-02-08 11:26:13,2.84
2017-02-17 11:51:32,8,RU,2017-02-09 11:35:33,6.82
2017-03-28 14:07:08,7,US,2017-03-20 14:00:56,4.22
2017-02-16 13:40:50,0,US,2017-02-13 13:34:27,5.39
2017-02-15 12:17:11,24,RU,2017-02-11 12:03:40,9.23
2017-02-17 13:47:09,0,US,2017-02-13 13:34:27,2.66
2017-02-10 13:18:01,26,RU,2017-02-02 13:01:55,8.25
2017-02-17 11:35:33,19,US,2017-02-08 11:26:13,2.55
2017-02-23 11:55:26,1,US,2017-02-22 11:46:18,9.05
2017-03-07 11:51:12,15,RU,2017-02-28 11:37:13,5.74
2017-02-11 14:29:42,18,FR,2017-02-05 14:16:48,7.8
2017-03-16 14:22:04,11,US,2017-03-06 14:13:01,2.56
2017-02-06 13:18:08,26,RU,2017-02-02 13:01:55,9.1
2017-02-15 11:39:41,19,US,2017-02-08 11:26:13,8.53
2017-02-16 14:33:43,4,US,2017-02-09 14:27:29,9.4
2017-02-07 15:03:54,16,US,2017-02-05 14:59:24,5.63
2017-03-11 15:05:44,14,RU,2017-03-05 14:58:54,3.63
2017-03-26 10:35:34,21,RU,2017-03-21 10:29:04,9.47
2017-02-05 10:45:46,25,FR,2017-02-05 10:30:31,3.73
2017-03-24 14:12:21,7,US,2017-03-20 14:00:56,4.66
2017-03-20 13:26:01,10,FR,2017-03-10 13:14:46,9.02
2017-02-13 15:05:59,16,US,2017-02-05 14:59:24,5.41
2017-03-05 15:06:27,14,RU,2017-03-05 14:58:54,5.44
2017-03-03 11:42:20,15,RU,2017-02-28 11:37:13,8.4
2017-03-10 14:13:40,11,US,2017-03-06 14:13:01,2.89
2017-02-12 15:19:18,13,RU,2017-02-07 15:04:36,3.34
2017-02-12 14:32:33,18,FR,2017-02-05 14:16:48,5.22
2017-02-22 15:02:32,17,FR,2017-02-12 14:52:01,6.5
2017-03-12 10:47:33,12,RU,2017-03-08 10:34:51,9.38
2017-03-13 14:26:04,11,US,2017-03-06 14:13:01,5.79
2017-03-06 14:24:15,11,US,2017-03-06 14:13:01,5.71
2017-03-10 15:13:42,14,RU,2017-03-05 14:58:54,4.52
2017-03-29 10:37:14,21,RU,2017-03-21 10:29:04,2.14
2017-02-16 12:11:34,28,US,2017-02-13 12:10:32,2.92
2017-02-16 15:43:26,6,FR,2017-02-14 15:35:08,1.73
2017-02-21 13:37:14,0,US,2017-02-13 13:34:27,2.21
2017-03-04 11:49:08,1,US,2017-02-22 11:46:18,7.15
2017-03-06 14:20:17,11,US,2017-03-06 14:13:01,2.72
2017-02-18 15:38:13,6,FR,2017-02-14 15:35:08,6.92
2017-02-20 13:38:04,0,US,2017-02-13 13:34:27,6.47
2017-02-28 14:33:56,23,RU,2017-02-24 14:24:14,2.06
2017-02-25 13:58:39,5,RU,2017-02-16 13:56:45,3.67
2017-03-08 14:21:15,2,US,2017-02-26 14:07:32,1.68
2017-03-05 11:50:10,15,RU,2017-02-28 11:37:13,1.3
2017-02-13 10:33:07,25,FR,2017-02-05 10:30:31,8.37
2017-02-14 14:26:20,18,FR,2017-02-05 14:16:48,2.36
2017-02-27 11:56:50,1,US,2017-02-22 11:46:18,2.95
2017-03-09 11:53:10,15,RU,2017-02-28 11:37:13,4.71
2017-02-14 15:16:05,13,RU,2017-02-07 15:04:36,9.87
2017-03-11 13:18:53,10,FR,2017-03-10 13:14:46,6.92
2017-03-27 14:12:51,7,US,2017-03-20 14:00:56,7.9
2017-02-21 12:58:13,29,US,2017-02-21 12:53:30,9.92
2017-02-26 11:52:10,1,US,2017-02-22 11:46:18,2.27
2017-02-21 14:52:16,17,FR,2017-02-12 14:52:01,3.81
2017-02-10 14:26:14,18,FR,2017-02-05 14:16:48,4.36
2017-02-17 15:11:33,13,RU,2017-02-07 15:04:36,4.05
2017-03-24 14:14:58,7,US,2017-03-20 14:00:56,7.37
2017-02-12 11:47:01,8,RU,2017-02-09 11:35:33,5.28
2017-03-21 13:31:03,27,RU,2017-03-16 13:17:07,9.11
2017-02-11 14:59:48,16,US,2017-02-05 14:59:24,6.65
2017-02-10 14:38:42,4,US,2017-02-09 14:27:29,1.15
2017-02-19 12:08:40,24,RU,2017-02-11 12:03:40,1.24
2017-02-23 12:19:54,28,US,2017-02-13 12:10:32,1.25
2017-02-07 15:08:45,16,US,2017-02-05 14:59:24,7.35
2017-02-19 11:59:01,9,FR,2017-02-13 11:45:19,6.03
2017-02-11 11:43:32,8,RU,2017-02-09 11:35:33,8.65
2017-02-16 12:16:22,28,US,2017-02-13 12:10:32,9.04
2017-02-13 15:15:12,16,US,2017-02-05 14:59:24,4.28
2017-02-27 13:07:13,29,US,2017-02-21 12:53:30,9.11
2017-03-16 10:59:03,20,FR,2017-03-06 10:47:42,4.8
2017-02-19 14:40:14,4,US,2017-02-09 14:27:29,6.33
2017-03-29 10:39:56,21,RU,2017-03-21 10:29:04,5.19
2017-02-09 15:08:25,13,RU,2017-02-07 15:04:36,8.18
2017-02-26 14:17:18,2,US,2017-02-26 14:07:32,3.4
2017-03-20 13:18:04,10,FR,2017-03-10 13:14:46,6.24
2017-03-15 10:49:06,12,RU,2017-03-08 10:34:51,6.8
2017-02-14 13:37:28,0,US,2017-02-13 13:34:27,3.44
2017-03-09 15:04:29,14,RU,2017-03-05 14:58:54,1.35
2017-03-26 10:42:50,21,RU,2017-03-21 10:29:04,7.47
2017-03-15 13:26:52,10,FR,2017-03-10 13:14:46,8.78
2017-03-03 14:40:46,23,RU,2017-02-24 14:24:14,2.69
2017-02-14 13:44:11,0,US,2017-02-13 13:34:27,2.9
2017-03-08 14:28:27,11,US,2017-03-06 14:13:01,9.65
2017-02-23 12:25:28,28,US,2017-02-13 12:10:32,6.2
2017-02-17 12:05:01,24,RU,2017-02-11 12:03:40,8.27
2017-02-23 12:58:08,29,US,2017-02-21 12:53:30,7.71
2017-02-26 14:29:07,23,RU,2017-02-24 14:24:14,9.95
2017-03-05 15:01:41,14,RU,2017-03-05 14:58:54,8.3
2017-02-19 15:48:07,6,FR,2017-02-14 15:35:08,1.46
2017-02-15 14:37:43,4,US,2017-02-09 14:27:29,1.62
2017-02-27 14:22:14,2,US,2017-02-26 14:07:32,5.86
2017-02-18 11:36:28,8,RU,2017-02-09 11:35:33,2.18
2017-03-15 10:56:05,20,FR,2017-03-06 10:47:42,9.53
2017-03-13 10:35:46,12,RU,2017-03-08 10:34:51,3.94
2017-03-18 13:33:28,27,RU,2017-03-16 13:17:07,3.29
2017-02-21 12:23:36,28,US,2017-02-13 12:10:32,4.34
2017-02-23 15:30:26,3,RU,2017-02-18 15:20:14,2.0
2017-02-27 14:16:46,2,US,2017-02-26 14:07:32,1.6
2017-03-01 14:27:05,23,RU,2017-02-24 14:24:14,5.62
2017-03-10 11:38:23,15,RU,2017-02-28 11:37:13,4.5
2017-02-13 14:24:35,18,FR,2017-02-05 14:16:48,6.78
2017-02-16 11:37:53,19,US,2017-02-08 11:26:13,8.21
2017-02-14 13:37:42,22,FR,2017-02-04 13:34:05,5.45
2017-02-15 15:42:25,6,FR,2017-02-14 15:35:08,2.68
2017-02-21 13:01:41,29,US,2017-02-21 12:53:30,8.2
2017-02-09 15:20:51,13,RU,2017-02-07 15:04:36,8.34
2017-02-14 14:26:44,18,FR,2017-02-05 14:16:48,9.07
2017-02-19 11:42:15,8,RU,2017-02-09 11:35:33,8.15
2017-03-31 10:29:27,21,RU,2017-03-21 10:29:04,9.11
2017-02-23 13:03:39,29,US,2017-02-21 12:53:30,6.74
2017-02-14 11:28:03,19,US,2017-02-08 11:26:13,7.3
2017-03-10 14:22:29,11,US,2017-03-06 14:13:01,2.99
2017-02-23 12:18:07,28,US,2017-02-13 12:10:32,9.16
2017-02-10 10:38:00,25,FR,2017-02-05 10:30:31,5.79
2017-02-12 11:42:38,19,US,2017-02-08 11:26:13,4.48
2017-03-17 10:35:47,12,RU,2017-03-08 10:34:51,7.12
2017-02-03 13:02:41,26,RU,2017-02-02 13:01:55,9.4
2017-02-14 10:44:11,25,FR,2017-02-05 10:30:31,3.0
2017-02-16 12:22:34,28,US,2017-02-13 12:10:32,5.09
2017-03-13 10:35:17,12,RU,2017-03-08 10:34:51,8.39
2017-02-03 13:02:22,26,RU,2017-02-02 13:01:55,3.74
2017-02-12 13:15:47,26,RU,2017-02-02 13:01:55,4.68
2017-02-21 11:57:06,9,FR,2017-02-13 11:45:19,1.31
2017-02-20 12:23:06,28,US,2017-02-13 12:10:32,8.03
2017-03-29 10:32:10,21,RU,2017-03-21 10:29:04,1.08
2017-03-06 14:20:23,2,US,2017-02-26 14:07:32,4.17
2017-02-15 15:49:17,6,FR,2017-02-14 15:35:08,4.22
2017-02-03 13:02:42,26,RU,2017-02-02 13:01:55,2.05
2017-02-15 12:11:56,24,RU,2017-02-11 12:03:40,6.44
2017-02-18 11:37:32,19,US,2017-02-08 11:26:13,1.24
2017-03-07 11:37:14,15,RU,2017-02-28 11:37:13,8.92
2017-02-16 12:14:01,28,US,2017-02-13 12:10:32,1.73
2017-02-14 11:26:36,19,US,2017-02-08 11:26:13,4.17
2017-02-14 14:41:56,4,US,2017-02-09 14:27:29,7.87
2017-02-10 11:31:42,19,US,2017-02-08 11:26:13,6.11
2017-02-06 15:15:45,16,US,2017-02-05 14:59:24,7.45
2017-02-06 13:07:36,26,RU,2017-02-02 13:01:55,6.83
2017-02-22 11:48:22,1,US,2017-02-22 11:46:18,4.76
2017-02-13 12:09:06,24,RU,2017-02-11 12:03:40,6.92
2017-02-15 11:48:02,9,FR,2017-02-13 11:45:19,6.34
2017-02-05 13:40:24,22,FR,2017-02-04 13:34:05,3.07
2017-02-23 11:56:35,1,US,2017-02-22 11:46:18,4.0
2017-03-11 10:48:53,12,RU,2017-03-08 10:34:51,4.84
2017-02-12 10:34:53,25,FR,2017-02-05 10:30:31,6.02
2017-03-09 11:44:41,15,RU,2017-02-28 11:37:13,3.01
2017-03-11 10:49:53,12,RU,2017-03-08 10:34:51,6.03
2017-02-22 15:35:38,3,RU,2017-02-18 15:20:14,1.45
2017-03-08 14:21:10,11,US,2017-03-06 14:13:01,2.62
2017-02-13 15:00:44,16,US,2017-02-05 14:59:24,6.15
2017-02-09 14:21:35,18,FR,2017-02-05 14:16:48,2.63
2017-02-10 13:43:54,22,FR,2017-02-04 13:34:05,1.76
2017-03-07 11:40:22,15,RU,2017-02-28 11:37:13,7.37
2017-02-21 15:46:00,6,FR,2017-02-14 15:35:08,3.42
2017-02-21 13:49:39,0,US,2017-02-13 13:34:27,8.06
2017-02-23 15:31:53,3,RU,2017-02-18 15:20:14,3.57
2017-02-17 12:13:54,24,RU,2017-02-11 12:03:40,5.02
2017-02-22 15:49:13,6,FR,2017-02-14 15:35:08,2.64
2017-02-18 14:43:30,4,US,2017-02-09 14:27:29,4.22
2017-03-06 11:39:52,15,RU,2017-02-28 11:37:13,9.59
2017-02-18 11:36:48,8,RU,2017-02-09 11:35:33,1.5
2017-02-16 12:14:09,24,RU,2017-02-11 12:03:40,3.26
2017-02-15 14:18:47,18,FR,2017-02-05 14:16:48,2.73
2017-02-09 11:35:03,19,US,2017-02-08 11:26:13,1.35
2017-02-28 11:59:50,1,US,2017-02-22 11:46:18,7.77
2017-02-15 11:56:10,9,FR,2017-02-13 11:45:19,5.08
2017-02-11 11:52:10,8,RU,2017-02-09 11:35:33,8.55
2017-02-14 12:08:50,24,RU,2017-02-11 12:03:40,8.82
2017-02-20 15:34:54,3,RU,2017-02-18 15:20:14,1.89
2017-03-16 14:14:08,11,US,2017-03-06 14:13:01,8.72
2017-02-13 13:47:41,22,FR,2017-02-04 13:34:05,5.22
2017-02-23 11:57:10,9,FR,2017-02-13 11:45:19,3.28
2017-02-19 14:30:15,4,US,2017-02-09 14:27:29,1.8
2017-02-12 15:05:24,16,US,2017-02-05 14:59:24,2.54
2017-02-19 12:11:36,24,RU,2017-02-11 12:03:40,1.07
2017-02-14 12:19:04,24,RU,2017-02-11 12:03:40,5.58
2017-02-18 14:34:54,4,US,2017-02-09 14:27:29,7.24
2017-03-13 15:06:51,14,RU,2017-03-05 14:58:54,5.09
2017-03-03 11:59:33,1,US,2017-02-22 11:46:18,7.53
2017-02-09 10:39:57,25,FR,2017-02-05 10:30:31,1.94
2017-02-15 14:20:07,18,FR,2017-02-05 14:16:48,1.48
2017-02-10 14:22:11,18,FR,2017-02-05 14:16:48,3.8
2017-03-19 13:27:36,27,RU,2017-03-16 13:17:07,1.68
2017-02-20 11:54:49,9,FR,2017-02-13 11:45:19,9.46
2017-03-12 10:49:27,12,RU,2017-03-08 10:34:51,5.17
2017-03-05 14:38:51,23,RU,2017-02-24 14:24:14,7.87
2017-03-15 14:17:11,11,US,2017-03-06 14:13:01,3.57
2017-02-10 14:21:22,18,FR,2017-02-05 14:16:48,5.62
2017-02-08 14:30:36,18,FR,2017-02-05 14:16:48,4.75
2017-02-20 15:39:50,6,FR,2017-02-14 15:35:08,9.72
2017-03-09 14:18:10,11,US,2017-03-06 14:13:01,4.29
2017-02-23 15:26:29,3,RU,2017-02-18 15:20:14,9.06
2017-03-13 14:21:21,11,US,2017-03-06 14:13:01,7.7
2017-03-15 11:03:10,20,FR,2017-03-06 10:47:42,3.54
2017-03-17 10:49:50,12,RU,2017-03-08 10:34:51,2.3
2017-03-08 14:59:38,14,RU,2017-03-05 14:58:54,7.51
2017-02-16 11:34:49,19,US,2017-02-08 11:26:13,6.63
2017-02-26 11:54:45,1,US,2017-02-22 11:46:18,5.16
2017-02-15 11:37:48,19,US,2017-02-08 11:26:13,9.12
2017-03-07 15:02:30,14,RU,2017-03-05 14:58:54,6.16
2017-02-14 14:53:16,17,FR,2017-02-12 14:52:01,9.77
2017-03-15 11:02:31,20,FR,2017-03-06 10:47:42,2.6
2017-02-11 10:33:32,25,FR,2017-02-05 10:30:31,9.7
2017-02-11 15:15:59,13,RU,2017-02-07 15:04:36,1.82
2017-02-15 12:14:49,24,RU,2017-02-11 12:03:40,7.39
2017-02-26 11:57:29,1,US,2017-02-22 11:46:18,2.73
2017-02-17 15:04:50,17,FR,2017-02-12 14:52:01,3.76
2017-02-21 14:12:51,5,RU,2017-02-16 13:56:45,9.38
2017-02-09 14:22:08,18,FR,2017-02-05 14:16:48,8.02
2017-03-07 10:50:54,20,FR,2017-03-06 10:47:42,9.81
2017-02-20 11:45:36,9,FR,2017-02-13 11:45:19,1.14
2017-03-26 14:02:07,7,US,2017-03-20 14:00:56,8.97
2017-02-27 11:49:05,1,US,2017-02-22 11:46:18,6.17
2017-02-17 15:00:41,17,FR,2017-02-12 14:52:01,2.44
2017-02-12 11:37:49,19,US,2017-02-08 11:26:13,1.39
2017-03-27 14:02:05,7,US,2017-03-20 14:00:56,4.51
2017-02-16 11:33:29,19,US,2017-02-08 11:26:13,1.44
2017-03-26 13:23:03,27,RU,2017-03-16 13:17:07,2.57
2017-03-20 14:11:55,7,US,2017-03-20 14:00:56,9.77
2017-02-24 13:02:15,29,US,2017-02-21 12:53:30,1.19
2017-03-07 10:53:57,20,FR,2017-03-06 10:47:42,8.64
2017-02-02 13:14:38,26,RU,2017-02-02 13:01:55,5.72
2017-02-21 14:00:17,5,RU,2017-02-16 13:56:45,5.2
2017-03-24 10:37:22,21,RU,2017-03-21 10:29:04,2.1
2017-03-11 15:07:25,14,RU,2017-03-05 14:58:54,1.8
2017-02-10 11:28:27,19,US,2017-02-08 11:26:13,3.46
2017-02-12 12:18:57,24,RU,2017-02-11 12:03:40,8.24
2017-03-14 10:58:59,20,FR,2017-03-06 10:47:42,9.26
2017-02-11 15:14:30,13,RU,2017-02-07 15:04:36,4.49
2017-03-12 10:48:03,20,FR,2017-03-06 10:47:42,7.52
2017-02-10 13:07:28,26,RU,2017-02-02 13:01:55,1.41
2017-03-01 11:52:03,15,RU,2017-02-28 11:37:13,8.44
2017-02-23 13:43:01,0,US,2017-02-13 13:34:27,9.72
2017-02-28 14:24:00,2,US,2017-02-26 14:07:32,2.64
2017-03-07 11:37:39,15,RU,2017-02-28 11:37:13,6.4
2017-02-15 14:30:03,18,FR,2017-02-05 14:16:48,6.61
2017-02-20 15:50:49,6,FR,2017-02-14 15:35:08,8.8
2017-03-15 10:35:18,12,RU,2017-03-08 10:34:51,2.32
2017-02-15 15:48:51,6,FR,2017-02-14 15:35:08,5.19
2017-02-10 15:03:32,16,US,2017-02-05 14:59:24,1.34
2017-02-06 15:14:40,16,US,2017-02-05 14:59:24,2.48
2017-02-24 15:48:54,6,FR,2017-02-14 15:35:08,7.92
2017-02-11 14:42:10,4,US,2017-02-09 14:27:29,7.15
2017-02-16 11:51:51,9,FR,2017-02-13 11:45:19,2.85
2017-03-05 11:42:23,15,RU,2017-02-28 11:37:13,9.62
2017-03-15 15:09:21,14,RU,2017-03-05 14:58:54,1.76
2017-02-09 15:12:46,16,US,2017-02-05 14:59:24,8.89
2017-03-13 15:12:37,14,RU,2017-03-05 14:58:54,8.33
2017-02-18 11:28:10,19,US,2017-02-08 11:26:13,5.59
2017-02-16 15:18:38,13,RU,2017-02-07 15:04:36,3.37
2017-03-14 11:01:00,20,FR,2017-03-06 10:47:42,9.5
2017-02-13 15:10:27,13,RU,2017-02-07 15:04:36,2.61
2017-02-12 14:58:58,17,FR,2017-02-12 14:52:01,2.23
2017-02-16 13:47:15,0,US,2017-02-13 13:34:27,3.95
2017-02-19 14:56:09,17,FR,2017-02-12 14:52:01,6.88
2017-02-15 12:19:12,28,US,2017-02-13 12:10:32,7.4
2017-03-08 11:00:49,20,FR,2017-03-06 10:47:42,7.29
2017-02-14 15:15:14,13,RU,2017-02-07 15:04:36,7.54
2017-03-23 13:25:18,27,RU,2017-03-16 13:17:07,4.16
2017-03-13 15:13:48,14,RU,2017-03-05 14:58:54,6.29
2017-02-09 13:45:36,22,FR,2017-02-04 13:34:05,5.99
2017-02-22 15:40:17,6,FR,2017-02-14 15:35:08,1.23
2017-02-21 15:40:49,6,FR,2017-02-14 15:35:08,6.09
2017-02-26 13:58:59,5,RU,2017-02-16 13:56:45,2.16
2017-02-27 11:47:39,1,US,2017-02-22 11:46:18,7.76
2017-02-11 15:05:29,13,RU,2017-02-07 15:04:36,4.41
2017-03-19 13:22:41,10,FR,2017-03-10 13:14:46,6.85
2017-02-08 11:41:51,19,US,2017-02-08 11:26:13,3.16
2017-02-20 15:38:25,6,FR,2017-02-14 15:35:08,2.69
2017-02-20 14:06:36,5,RU,2017-02-16 13:56:45,6.69
2017-02-21 13:09:30,29,US,2017-02-21 12:53:30,1.38
2017-03-26 14:06:34,7,US,2017-03-20 14:00:56,1.11
2017-02-24 11:50:10,1,US,2017-02-22 11:46:18,5.31
2017-02-28 11:56:39,1,US,2017-02-22 11:46:18,5.56
2017-02-08 13:41:56,22,FR,2017-02-04 13:34:05,6.71
2017-02-16 12:18:19,28,US,2017-02-13 12:10:32,1.81
2017-02-12 11:46:54,8,RU,2017-02-09 11:35:33,1.81
2017-02-05 14:21:48,18,FR,2017-02-05 14:16:48,3.89
2017-02-22 15:50:25,6,FR,2017-02-14 15:35:08,3.97
2017-02-12 14:53:00,17,FR,2017-02-12 14:52:01,3.64
2017-03-03 12:00:02,1,US,2017-02-22 11:46:18,8.81
2017-03-04 12:00:17,1,US,2017-02-22 11:46:18,9.08
2017-02-08 13:02:08,26,RU,2017-02-02 13:01:55,5.41
2017-03-14 15:09:30,14,RU,2017-03-05 14:58:54,2.33
2017-02-18 12:20:24,28,US,2017-02-13 12:10:32,6.87
2017-02-13 11:52:28,9,FR,2017-02-13 11:45:19,7.13
2017-03-18 13:25:07,27,RU,2017-03-16 13:17:07,8.96
2017-03-15 10:35:46,12,RU,2017-03-08 10:34:51,8.74
2017-02-07 14:29:33,18,FR,2017-02-05 14:16:48,8.49
2017-03-07 14:17:17,2,US,2017-02-26 14:07:32,4.46
2017-02-16 15:45:06,6,FR,2017-02-14 15:35:08,2.24
2017-02-06 13:38:35,22,FR,2017-02-04 13:34:05,9.7
2017-02-14 15:06:35,13,RU,2017-02-07 15:04:36,6.48
2017-02-20 11:53:27,9,FR,2017-02-13 11:45:19,4.75
2017-02-10 14:26:18,18,FR,2017-02-05 14:16:48,4.97
2017-02-11 13:15:36,26,RU,2017-02-02 13:01:55,5.52
2017-02-24 15:30:58,3,RU,2017-02-18 15:20:14,9.57
2017-02-20 12:11:10,28,US,2017-02-13 12:10:32,7.28
2017-02-14 15:01:12,16,US,2017-02-05 14:59:24,1.24
2017-02-09 11:39:35,19,US,2017-02-08 11:26:13,6.9
2017-02-18 11:37:47,19,US,2017-02-08 11:26:13,8.98
2017-03-01 11:48:50,15,RU,2017-02-28 11:37:13,9.34
2017-02-18 12:11:27,28,US,2017-02-13 12:10:32,1.93
2017-02-18 11:41:49,19,US,2017-02-08 11:26:13,1.6
2017-02-28 12:54:40,29,US,2017-02-21 12:53:30,9.54
2017-03-21 10:44:19,21,RU,2017-03-21 10:29:04,3.84
2017-03-03 14:18:25,2,US,2017-02-26 14:07:32,6.91
2017-03-03 14:38:30,23,RU,2017-02-24 14:24:14,9.71
2017-03-04 14:15:52,2,US,2017-02-26 14:07:32,5.13
2017-02-11 12:17:04,24,RU,2017-02-11 12:03:40,3.86
2017-02-15 15:15:57,16,US,2017-02-05 14:59:24,5.25
2017-02-11 12:05:40,24,RU,2017-02-11 12:03:40,2.45
2017-02-14 14:28:09,18,FR,2017-02-05 14:16:48,5.94
2017-03-22 14:02:35,7,US,2017-03-20 14:00:56,5.61
2017-02-21 14:58:08,17,FR,2017-02-12 14:52:01,7.15
2017-02-05 13:38:06,22,FR,2017-02-04 13:34:05,9.71
2017-02-16 15:14:37,13,RU,2017-02-07 15:04:36,9.64
2017-02-09 13:12:37,26,RU,2017-02-02 13:01:55,1.79
2017-03-03 14:36:17,23,RU,2017-02-24 14:24:14,6.93
2017-02-27 14:19:41,2,US,2017-02-26 14:07:32,9.36
2017-03-05 14:10:17,2,US,2017-02-26 14:07:32,3.15
2017-02-16 11:46:25,8,RU,2017-02-09 11:35:33,6.75
2017-02-16 14:09:33,5,RU,2017-02-16 13:56:45,9.76
2017-02-25 15:22:06,3,RU,2017-02-18 15:20:14,9.38
2017-02-11 13:14:26,26,RU,2017-02-02 13:01:55,4.3
2017-02-15 15:41:48,6,FR,2017-02-14 15:35:08,1.3
2017-02-13 11:39:20,19,US,2017-02-08 11:26:13,5.7
2017-02-15 12:18:22,24,RU,2017-02-11 12:03:40,9.99
2017-02-12 11:48:43,8,RU,2017-02-09 11:35:33,5.6
2017-02-10 11:48:13,8,RU,2017-02-09 11:35:33,1.33
2017-02-19 12:01:06,9,FR,2017-02-13 11:45:19,3.44
2017-03-24 14:08:03,7,US,2017-03-20 14:00:56,3.68
2017-02-07 15:19:27,13,RU,2017-02-07 15:04:36,4.57
2017-03-20 13:23:51,10,FR,2017-03-10 13:14:46,3.79
2017-03-19 13:18:37,27,RU,2017-03-16 13:17:07,1.64
2017-02-14 11:59:30,9,FR,2017-02-13 11:45:19,1.56
2017-02-07 13:41:26,22,FR,2017-02-04 13:34:05,1.56
2017-03-26 10:43:06,21,RU,2017-03-21 10:29:04,6.29
2017-03-22 10:40:31,21,RU,2017-03-21 10:29:04,5.27
2017-02-14 15:39:28,6,FR,2017-02-14 15:35:08,8.7
2017-03-07 14:14:27,11,US,2017-03-06 14:13:01,6.22
2017-02-14 14:19:30,18,FR,2017-02-05 14:16:48,9.06
2017-02-27 13:02:06,29,US,2017-02-21 12:53:30,5.94
2017-03-03 14:28:40,23,RU,2017-02-24 14:24:14,9.58
2017-03-23 14:06:33,7,US,2017-03-20 14:00:56,6.73
2017-02-25 14:29:02,23,RU,2017-02-24 14:24:14,5.44
2017-02-12 13:47:49,22,FR,2017-02-04 13:34:05,1.63
2017-02-14 10:39:05,25,FR,2017-02-05 10:30:31,2.87
2017-02-21 13:43:46,0,US,2017-02-13 13:34:27,6.24
2017-03-10 15:06:31,14,RU,2017-03-05 14:58:54,7.4
2017-02-17 11:46:21,8,RU,2017-02-09 11:35:33,5.95
2017-03-04 14:39:27,23,RU,2017-02-24 14:24:14,5.29
2017-02-19 14:53:00,17,FR,2017-02-12 14:52:01,2.72
2017-02-15 15:14:26,13,RU,2017-02-07 15:04:36,2.03
2017-03-30 14:17:25,7,US,2017-03-20 14:00:56,5.34
2017-03-17 13:21:01,10,FR,2017-03-10 13:14:46,1.65
2017-02-09 11:41:00,8,RU,2017-02-09 11:35:33,3.87
2017-02-12 12:17:30,24,RU,2017-02-11 12:03:40,5.96
2017-03-01 14:24:15,23,RU,2017-02-24 14:24:14,5.12
2017-03-08 14:18:12,2,US,2017-02-26 14:07:32,5.76
2017-02-15 12:04:23,24,RU,2017-02-11 12:03:40,9.86
2017-02-27 14:10:11,2,US,2017-02-26 14:07:32,5.15
2017-03-25 10:39:45,21,RU,2017-03-21 10:29:04,7.71
2017-03-13 10:37:30,12,RU,2017-03-08 10:34:51,9.42
2017-03-12 13:22:56,10,FR,2017-03-10 13:14:46,5.36
2017-03-09 14:25:34,11,US,2017-03-06 14:13:01,2.16
2017-02-18 13:41:02,0,US,2017-02-13 13:34:27,2.3
2017-02-10 10:41:39,25,FR,2017-02-05 10:30:31,2.97
2017-03-20 14:04:37,7,US,2017-03-20 14:00:56,1.15
2017-02-23 13:37:44,0,US,2017-02-13 13:34:27,7.82
2017-03-08 11:37:58,15,RU,2017-02-28 11:37:13,6.21
2017-02-19 15:49:54,6,FR,2017-02-14 15:35:08,2.17
2017-03-21 10:36:56,21,RU,2017-03-21 10:29:04,2.42
2017-03-07 15:00:40,14,RU,2017-03-05 14:58:54,9.87
2017-02-10 13:07:47,26,RU,2017-02-02 13:01:55,7.68
2017-02-26 15:29:48,3,RU,2017-02-18 15:20:14,7.07
2017-02-18 14:41:23,4,US,2017-02-09 14:27:29,4.53
2017-02-20 12:08:09,24,RU,2017-02-11 12:03:40,7.33
2017-03-01 14:34:53,23,RU,2017-02-24 14:24:14,6.99
2017-02-12 12:04:50,24,RU,2017-02-11 12:03:40,5.37
2017-02-14 15:06:13,13,RU,2017-02-07 15:04:36,4.02
2017-02-20 11:51:21,9,FR,2017-02-13 11:45:19,9.06
2017-03-30 14:12:54,7,US,2017-03-20 14:00:56,1.56
2017-03-22 14:10:25,7,US,2017-03-20 14:00:56,5.11
2017-02-09 13:16:01,26,RU,2017-02-02 13:01:55,3.04
2017-02-21 14:08:53,5,RU,2017-02-16 13:56:45,5.91
2017-03-23 13:28:30,27,RU,2017-03-16 13:17:07,1.32
2017-02-18 12:01:14,9,FR,2017-02-13 11:45:19,7.79
2017-02-08 15:14:25,13,RU,2017-02-07 15:04:36,1.14
2017-02-22 13:47:56,0,US,2017-02-13 13:34:27,6.57
2017-02-07 13:43:54,22,FR,2017-02-04 13:34:05,9.01
2017-02-14 14:30:23,4,US,2017-02-09 14:27:29,1.85
2017-02-08 15:02:30,16,US,2017-02-05 14:59:24,1.33
2017-03-09 10:51:12,12,RU,2017-03-08 10:34:51,8.2
2017-02-19 14:01:55,5,RU,2017-02-16 13:56:45,6.49
2017-02-10 13:17:40,26,RU,2017-02-02 13:01:55,5.26
2017-02-21 12:11:02,24,RU,2017-02-11 12:03:40,1.07
2017-03-16 11:01:40,20,FR,2017-03-06 10:47:42,3.28
2017-02-08 14:19:16,18,FR,2017-02-05 14:16:48,1.68
2017-03-06 11:02:56,20,FR,2017-03-06 10:47:42,1.48
2017-03-10 11:04:20,20,FR,2017-03-06 10:47:42,8.82
2017-02-11 14:29:56,4,US,2017-02-09 14:27:29,8.09
2017-02-10 11:27:17,19,US,2017-02-08 11:26:13,3.62
2017-02-28 14:37:30,23,RU,2017-02-24 14:24:14,4.26
2017-02-18 15:45:43,6,FR,2017-02-14 15:35:08,2.25
2017-02-20 14:56:10,17,FR,2017-02-12 14:52:01,9.02
2017-02-05 13:16:47,26,RU,2017-02-02 13:01:55,8.92
2017-03-11 15:13:20,14,RU,2017-03-05 14:58:54,3.38
2017-03-18 13:28:56,10,FR,2017-03-10 13:14:46,1.97
2017-02-19 15:36:17,3,RU,2017-02-18 15:20:14,2.46
2017-02-10 13:44:31,22,FR,2017-02-04 13:34:05,2.82
2017-03-23 14:02:40,7,US,2017-03-20 14:00:56,6.92
2017-02-19 11:59:29,9,FR,2017-02-13 11:45:19,8.83
2017-03-27 14:12:43,7,US,2017-03-20 14:00:56,7.94
2017-02-09 15:09:29,16,US,2017-02-05 14:59:24,9.16
2017-02-17 14:42:53,4,US,2017-02-09 14:27:29,2.7
2017-02-19 13:45:14,0,US,2017-02-13 13:34:27,9.38
2017-03-13 15:01:43,14,RU,2017-03-05 14:58:54,3.21
2017-02-15 14:27:52,18,FR,2017-02-05 14:16:48,5.58
2017-03-06 11:51:44,15,RU,2017-02-28 11:37:13,6.09
2017-02-08 15:12:27,13,RU,2017-02-07 15:04:36,9.58
2017-02-19 15:45:48,6,FR,2017-02-14 15:35:08,6.68
2017-03-16 13:33:16,27,RU,2017-03-16 13:17:07,9.4
2017-02-09 14:31:02,4,US,2017-02-09 14:27:29,1.45
2017-02-18 11:46:19,8,RU,2017-02-09 11:35:33,5.01
2017-02-09 10:43:50,25,FR,2017-02-05 10:30:31,5.95
2017-02-25 14:26:31,23,RU,2017-02-24 14:24:14,1.0
2017-02-18 15:37:31,6,FR,2017-02-14 15:35:08,7.92
2017-02-11 14:40:37,4,US,2017-02-09 14:27:29,7.56
2017-02-11 15:05:16,13,RU,2017-02-07 15:04:36,3.35
2017-02-05 10:38:59,25,FR,2017-02-05 10:30:31,6.57
2017-02-14 13:35:21,0,US,2017-02-13 13:34:27,7.35
2017-02-16 12:15:19,24,RU,2017-02-11 12:03:40,6.06
2017-02-22 15:33:40,3,RU,2017-02-18 15:20:14,3.62
2017-03-08 10:55:13,20,FR,2017-03-06 10:47:42,6.49
2017-03-16 14:18:30,11,US,2017-03-06 14:13:01,6.23
2017-03-09 14:15:35,11,US,2017-03-06 14:13:01,7.64
2017-02-14 15:13:31,16,US,2017-02-05 14:59:24,2.93
2017-03-25 10:39:05,21,RU,2017-03-21 10:29:04,1.81
2017-03-16 14:14:37,11,US,2017-03-06 14:13:01,4.36
2017-02-23 12:01:22,9,FR,2017-02-13 11:45:19,1.62
2017-02-14 11:40:11,8,RU,2017-02-09 11:35:33,3.3
2017-03-17 13:24:22,27,RU,2017-03-16 13:17:07,4.93
2017-03-10 10:51:15,12,RU,2017-03-08 10:34:51,9.13
2017-02-16 15:05:36,13,RU,2017-02-07 15:04:36,4.41
2017-02-21 13:07:14,29,US,2017-02-21 12:53:30,6.68
2017-02-18 14:06:16,5,RU,2017-02-16 13:56:45,8.69
2017-02-07 13:11:18,26,RU,2017-02-02 13:01:55,5.9
2017-02-23 15:35:45,3,RU,2017-02-18 15:20:14,3.16
2017-02-23 11:57:29,1,US,2017-02-22 11:46:18,6.56
2017-02-14 13:42:52,22,FR,2017-02-04 13:34:05,9.05
2017-02-24 15:36:29,6,FR,2017-02-14 15:35:08,6.55
2017-02-28 11:48:15,15,RU,2017-02-28 11:37:13,6.63
2017-02-12 13:06:05,26,RU,2017-02-02 13:01:55,9.94
2017-02-19 15:33:56,3,RU,2017-02-18 15:20:14,7.27
2017-03-12 14:20:07,11,US,2017-03-06 14:13:01,4.61
2017-03-01 11:58:40,1,US,2017-02-22 11:46:18,8.14
2017-02-17 13:58:48,5,RU,2017-02-16 13:56:45,3.14
2017-02-28 15:20:59,3,RU,2017-02-18 15:20:14,1.42
2017-02-13 13:46:29,0,US,2017-02-13 13:34:27,1.22
2017-02-11 13:49:08,22,FR,2017-02-04 13:34:05,2.49
2017-02-14 12:05:59,24,RU,2017-02-11 12:03:40,3.11
2017-02-17 12:13:25,28,US,2017-02-13 12:10:32,8.7
2017-03-28 10:45:33,21,RU,2017-03-21 10:29:04,8.83
2017-03-12 10:41:21,12,RU,2017-03-08 10:34:51,4.99
2017-02-10 11:43:22,8,RU,2017-02-09 11:35:33,9.07
2017-03-13 15:08:47,14,RU,2017-03-05 14:58:54,2.43
2017-02-27 14:08:17,2,US,2017-02-26 14:07:32,5.49
2017-03-01 14:09:18,2,US,2017-02-26 14:07:32,3.53
2017-02-18 14:27:34,4,US,2017-02-09 14:27:29,5.13
2017-03-20 14:16:30,7,US,2017-03-20 14:00:56,2.06
2017-02-17 11:36:01,19,US,2017-02-08 11:26:13,3.09
2017-02-18 11:50:07,9,FR,2017-02-13 11:45:19,2.43
2017-03-09 10:50:49,20,FR,2017-03-06 10:47:42,5.06
2017-03-22 13:23:08,27,RU,2017-03-16 13:17:07,2.84
2017-02-13 10:42:23,25,FR,2017-02-05 10:30:31,9.73
2017-03-04 14:16:54,2,US,2017-02-26 14:07:32,8.3
2017-02-15 12:14:31,24,RU,2017-02-11 12:03:40,9.68
2017-03-11 14:24:02,11,US,2017-03-06 14:13:01,4.19
2017-02-16 14:55:49,17,FR,2017-02-12 14:52:01,2.8
2017-03-06 14:23:53,2,US,2017-02-26 14:07:32,7.38
2017-02-18 13:39:33,0,US,2017-02-13 13:34:27,6.85
2017-03-12 10:55:41,20,FR,2017-03-06 10:47:42,4.2
2017-02-20 12:14:42,28,US,2017-02-13 12:10:32,9.63
2017-02-20 15:08:15,17,FR,2017-02-12 14:52:01,9.74
2017-02-21 13:48:18,0,US,2017-02-13 13:34:27,6.42
2017-02-14 10:40:19,25,FR,2017-02-05 10:30:31,4.32
2017-02-22 13:03:55,29,US,2017-02-21 12:53:30,6.8
2017-02-14 14:33:05,4,US,2017-02-09 14:27:29,3.69
2017-02-19 14:55:06,17,FR,2017-02-12 14:52:01,4.7
2017-02-10 11:43:54,8,RU,2017-02-09 11:35:33,7.45
2017-02-18 12:00:36,9,FR,2017-02-13 11:45:19,7.02
2017-02-10 15:14:14,16,US,2017-02-05 14:59:24,9.49
2017-02-26 14:10:40,2,US,2017-02-26 14:07:32,5.73
2017-02-24 12:01:38,1,US,2017-02-22 11:46:18,7.18
2017-02-17 12:09:34,24,RU,2017-02-11 12:03:40,3.61
2017-02-12 11:51:52,8,RU,2017-02-09 11:35:33,2.97
2017-03-15 14:25:49,11,US,2017-03-06 14:13:01,3.2
2017-02-12 10:38:10,25,FR,2017-02-05 10:30:31,2.04
2017-03-08 14:14:51,2,US,2017-02-26 14:07:32,1.2
2017-03-21 14:07:20,7,US,2017-03-20 14:00:56,9.32
2017-03-09 10:41:20,12,RU,2017-03-08 10:34:51,2.92
2017-03-05 11:38:33,15,RU,2017-02-28 11:37:13,8.34
2017-03-05 11:42:46,15,RU,2017-02-28 11:37:13,3.72
2017-02-08 11:39:00,19,US,2017-02-08 11:26:13,5.13
2017-02-16 11:35:23,19,US,2017-02-08 11:26:13,8.04
2017-02-26 15:24:13,3,RU,2017-02-18 15:20:14,6.22
2017-02-14 12:05:52,24,RU,2017-02-11 12:03:40,6.16
2017-02-08 15:07:05,13,RU,2017-02-07 15:04:36,6.47
2017-02-13 13:49:54,22,FR,2017-02-04 13:34:05,9.44
2017-02-12 11:48:45,8,RU,2017-02-09 11:35:33,4.95
2017-02-19 13:50:31,0,US,2017-02-13 13:34:27,4.4
2017-03-01 14:30:22,23,RU,2017-02-24 14:24:14,2.24
2017-03-01 11:52:49,1,US,2017-02-22 11:46:18,1.45
2017-03-15 10:36:56,12,RU,2017-03-08 10:34:51,4.07
2017-02-22 15:20:30,3,RU,2017-02-18 15:20:14,9.35
2017-02-12 12:18:35,24,RU,2017-02-11 12:03:40,4.69
2017-02-17 11:38:22,19,US,2017-02-08 11:26:13,3.7
2017-02-13 15:00:17,17,FR,2017-02-12 14:52:01,1.43
2017-02-17 15:20:46,13,RU,2017-02-07 15:04:36,9.94
2017-02-24 13:07:57,29,US,2017-02-21 12:53:30,1.09
2017-03-15 10:55:28,20,FR,2017-03-06 10:47:42,4.99
2017-02-17 11:50:06,8,RU,2017-02-09 11:35:33,9.43
2017-03-08 14:20:54,2,US,2017-02-26 14:07:32,8.54
2017-02-10 13:40:34,22,FR,2017-02-04 13:34:05,9.71
2017-03-09 11:47:03,15,RU,2017-02-28 11:37:13,3.26
2017-02-15 10:33:00,25,FR,2017-02-05 10:30:31,1.04
2017-02-19 15:34:20,3,RU,2017-02-18 15:20:14,6.19
2017-02-24 12:58:06,29,US,2017-02-21 12:53:30,9.06
2017-02-21 15:39:53,6,FR,2017-02-14 15:35:08,2.24
2017-02-19 11:51:46,8,RU,2017-02-09 11:35:33,9.77
2017-02-23 12:23:57,28,US,2017-02-13 12:10:32,7.94
2017-03-09 15:12:14,14,RU,2017-03-05 14:58:54,6.48
2017-02-17 11:55:08,9,FR,2017-02-13 11:45:19,9.81
2017-02-25 11:47:29,1,US,2017-02-22 11:46:18,5.56
2017-03-28 10:32:32,21,RU,2017-03-21 10:29:04,6.14
2017-02-14 15:13:47,13,RU,2017-02-07 15:04:36,7.52
2017-02-11 14:23:37,18,FR,2017-02-05 14:16:48,6.55
2017-03-23 14:01:09,7,US,2017-03-20 14:00:56,5.24
2017-02-22 15:35:28,6,FR,2017-02-14 15:35:08,1.62
2017-03-29 14:01:56,7,US,2017-03-20 14:00:56,3.72
2017-02-15 14:43:23,4,US,2017-02-09 14:27:29,9.48
2017-03-24 14:12:56,7,US,2017-03-20 14:00:56,8.69
2017-03-09 10:48:10,20,FR,2017-03-06 10:47:42,4.86
2017-03-06 10:55:21,20,FR,2017-03-06 10:47:42,8.58
2017-02-12 14:57:01,17,FR,2017-02-12 14:52:01,5.37
2017-03-24 14:05:33,7,US,2017-03-20 14:00:56,2.7
2017-02-21 14:58:42,17,FR,2017-02-12 14:52:01,1.13
2017-02-12 11:41:45,19,US,2017-02-08 11:26:13,1.06
2017-02-14 11:47:21,9,FR,2017-02-13 11:45:19,5.35
2017-03-10 10:44:24,12,RU,2017-03-08 10:34:51,4.24
2017-03-25 10:43:42,21,RU,2017-03-21 10:29:04,6.04
2017-02-21 13:06:13,29,US,2017-02-21 12:53:30,2.38
2017-02-15 15:36:05,6,FR,2017-02-14 15:35:08,4.59
2017-03-01 13:07:20,29,US,2017-02-21 12:53:30,7.93
2017-02-23 12:02:42,1,US,2017-02-22 11:46:18,6.93
2017-02-14 12:11:35,24,RU,2017-02-11 12:03:40,9.87
2017-02-22 15:29:12,3,RU,2017-02-18 15:20:14,3.29
2017-02-10 11:41:15,8,RU,2017-02-09 11:35:33,2.6
2017-02-14 12:20:37,28,US,2017-02-13 12:10:32,4.7
2017-02-25 15:27:16,3,RU,2017-02-18 15:20:14,9.06
2017-03-07 15:13:52,14,RU,2017-03-05 14:58:54,1.32
2017-03-23 13:19:11,27,RU,2017-03-16 13:17:07,4.99
2017-02-18 11:48:21,9,FR,2017-02-13 11:45:19,3.39
2017-02-14 14:25:19,18,FR,2017-02-05 14:16:48,5.44
2017-02-24 15:30:22,3,RU,2017-02-18 15:20:14,7.82
2017-02-21 12:04:12,24,RU,2017-02-11 12:03:40,4.8
2017-02-14 14:58:36,17,FR,2017-02-12 14:52:01,5.67
2017-03-22 13:19:20,27,RU,2017-03-16 13:17:07,5.56
2017-03-01 14:37:01,23,RU,2017-02-24 14:24:14,5.37
2017-02-13 11:49:56,8,RU,2017-02-09 11:35:33,4.9
2017-03-14 14:23:21,11,US,2017-03-06 14:13:01,3.02
2017-03-13 13:27:37,10,FR,2017-03-10 13:14:46,5.95
2017-03-16 10:42:39,12,RU,2017-03-08 10:34:51,9.33
2017-03-08 15:01:54,14,RU,2017-03-05 14:58:54,5.85
2017-03-22 13:27:28,27,RU,2017-03-16 13:17:07,8.95
2017-02-15 15:17:53,13,RU,2017-02-07 15:04:36,1.04
2017-02-20 11:52:41,9,FR,2017-02-13 11:45:19,8.61
2017-02-12 15:12:17,16,US,2017-02-05 14:59:24,9.97
2017-03-08 15:09:15,14,RU,2017-03-05 14:58:54,4.79
2017-02-16 12:07:42,24,RU,2017-02-11 12:03:40,6.1
2017-03-11 13:15:29,10,FR,2017-03-10 13:14:46,7.5
2017-02-23 14:10:35,5,RU,2017-02-16 13:56:45,2.1
2017-02-15 14:31:40,18,FR,2017-02-05 14:16:48,4.25
2017-03-12 15:05:42,14,RU,2017-03-05 14:58:54,7.84
2017-03-06 15:04:23,14,RU,2017-03-05 14:58:54,5.84
2017-02-25 11:55:06,1,US,2017-02-22 11:46:18,3.09
2017-03-08 10:53:35,20,FR,2017-03-06 10:47:42,8.41
2017-03-13 11:03:31,20,FR,2017-03-06 10:47:42,7.66
2017-03-20 13:17:07,27,RU,2017-03-16 13:17:07,7.33
2017-03-02 12:58:11,29,US,2017-02-21 12:53:30,2.78
2017-02-12 11:39:03,19,US,2017-02-08 11:26:13,3.19
2017-03-09 15:15:05,14,RU,2017-03-05 14:58:54,2.18
2017-02-06 13:35:31,22,FR,2017-02-04 13:34:05,8.65
2017-02-26 13:07:09,29,US,2017-02-21 12:53:30,6.2
2017-02-11 15:20:06,13,RU,2017-02-07 15:04:36,6.08
2017-03-23 13:32:33,27,RU,2017-03-16 13:17:07,9.7
2017-02-13 14:31:26,4,US,2017-02-09 14:27:29,5.55
2017-02-27 15:33:12,3,RU,2017-02-18 15:20:14,7.8
2017-03-14 14:13:28,11,US,2017-03-06 14:13:01,9.75
2017-02-11 10:37:10,25,FR,2017-02-05 10:30:31,6.49
2017-03-19 13:20:32,10,FR,2017-03-10 13:14:46,2.88
2017-03-16 10:46:18,12,RU,2017-03-08 10:34:51,8.3
2017-02-14 11:45:22,8,RU,2017-02-09 11:35:33,5.34
2017-02-23 12:18:18,28,US,2017-02-13 12:10:32,7.89
2017-02-22 13:48:14,0,US,2017-02-13 13:34:27,1.27
2017-02-26 11:54:03,1,US,2017-02-22 11:46:18,6.95
2017-02-21 15:34:02,3,RU,2017-02-18 15:20:14,4.7
2017-02-14 14:42:43,4,US,2017-02-09 14:27:29,3.05
2017-02-06 13:15:37,26,RU,2017-02-02 13:01:55,5.73
2017-02-23 12:22:26,28,US,2017-02-13 12:10:32,6.71
2017-02-15 10:41:31,25,FR,2017-02-05 10:30:31,3.73
2017-03-03 14:14:03,2,US,2017-02-26 14:07:32,8.48
2017-03-03 14:34:59,23,RU,2017-02-24 14:24:14,3.78
2017-02-15 15:39:53,6,FR,2017-02-14 15:35:08,6.25
2017-02-23 15:21:54,3,RU,2017-02-18 15:20:14,4.21
2017-02-27 11:59:04,1,US,2017-02-22 11:46:18,2.71
2017-02-05 13:34:19,22,FR,2017-02-04 13:34:05,1.94
2017-02-26 11:57:46,1,US,2017-02-22 11:46:18,7.29
2017-03-02 14:10:39,2,US,2017-02-26 14:07:32,3.02
2017-03-22 10:42:29,21,RU,2017-03-21 10:29:04,7.76
2017-02-14 14:29:18,4,US,2017-02-09 14:27:29,9.15
2017-03-10 14:17:18,11,US,2017-03-06 14:13:01,9.82
2017-03-03 12:00:48,1,US,2017-02-22 11:46:18,4.52
2017-03-02 14:38:23,23,RU,2017-02-24 14:24:14,9.11
2017-03-26 14:06:21,7,US,2017-03-20 14:00:56,8.22
2017-02-14 13:43:45,0,US,2017-02-13 13:34:27,2.38
2017-02-11 13:40:09,22,FR,2017-02-04 13:34:05,7.37
2017-03-15 11:00:43,20,FR,2017-03-06 10:47:42,6.01
2017-02-13 12:24:44,28,US,2017-02-13 12:10:32,5.22
2017-02-09 15:18:29,13,RU,2017-02-07 15:04:36,9.23
2017-02-12 15:11:11,16,US,2017-02-05 14:59:24,9.38
2017-03-10 13:30:03,10,FR,2017-03-10 13:14:46,7.43
2017-02-10 13:38:52,22,FR,2017-02-04 13:34:05,6.51
2017-02-20 14:00:55,5,RU,2017-02-16 13:56:45,4.6
2017-02-18 11:45:37,9,FR,2017-02-13 11:45:19,1.46
2017-02-21 13:47:16,0,US,2017-02-13 13:34:27,3.57
2017-02-19 12:13:12,28,US,2017-02-13 12:10:32,8.11
2017-03-14 15:08:33,14,RU,2017-03-05 14:58:54,4.72
2017-03-24 13:18:44,27,RU,2017-03-16 13:17:07,4.56
2017-02-16 15:36:18,6,FR,2017-02-14 15:35:08,1.37
2017-02-06 14:31:44,18,FR,2017-02-05 14:16:48,9.6
2017-02-28 14:09:10,2,US,2017-02-26 14:07:32,6.01
2017-02-20 12:17:46,24,RU,2017-02-11 12:03:40,4.18
2017-02-14 11:49:41,9,FR,2017-02-13 11:45:19,3.86
2017-02-07 15:20:39,13,RU,2017-02-07 15:04:36,8.57
2017-02-17 12:11:56,24,RU,2017-02-11 12:03:40,4.39
2017-02-16 11:30:02,19,US,2017-02-08 11:26:13,7.39
2017-02-23 15:41:49,6,FR,2017-02-14 15:35:08,8.11
2017-02-22 15:02:15,17,FR,2017-02-12 14:52:01,7.3
2017-02-14 14:32:10,18,FR,2017-02-05 14:16:48,3.13
2017-02-18 14:12:18,5,RU,2017-02-16 13:56:45,4.95
2017-02-19 15:24:59,3,RU,2017-02-18 15:20:14,1.41
2017-03-16 10:36:04,12,RU,2017-03-08 10:34:51,1.51
2017-03-14 10:58:38,20,FR,2017-03-06 10:47:42,3.3
2017-02-11 12:19:35,24,RU,2017-02-11 12:03:40,2.18
2017-03-28 14:01:03,7,US,2017-03-20 14:00:56,6.85
2017-02-08 10:31:46,25,FR,2017-02-05 10:30:31,3.55
2017-02-08 11:29:21,19,US,2017-02-08 11:26:13,8.49
2017-02-05 15:11:39,16,US,2017-02-05 14:59:24,4.49
2017-03-20 13:22:59,10,FR,2017-03-10 13:14:46,3.14
2017-03-06 10:55:37,20,FR,2017-03-06 10:47:42,6.68
2017-02-14 15:04:31,17,FR,2017-02-12 14:52:01,2.22
2017-02-07 14:31:06,18,FR,2017-02-05 14:16:48,7.02
2017-02-27 11:51:03,1,US,2017-02-22 11:46:18,7.93
2017-03-10 10:46:57,12,RU,2017-03-08 10:34:51,1.78
2017-02-27 11:52:45,1,US,2017-02-22 11:46:18,3.59
2017-03-11 14:25:58,11,US,2017-03-06 14:13:01,4.27
2017-02-14 13:50:00,22,FR,2017-02-04 13:34:05,2.61
2017-03-04 14:26:27,23,RU,2017-02-24 14:24:14,8.31
2017-02-03 13:11:48,26,RU,2017-02-02 13:01:55,5.19
2017-03-24 13:23:55,27,RU,2017-03-16 13:17:07,1.67
2017-02-13 15:12:47,16,US,2017-02-05 14:59:24,2.99
2017-02-25 11:50:34,1,US,2017-02-22 11:46:18,2.96
2017-03-02 11:46:17,15,RU,2017-02-28 11:37:13,9.95
2017-02-11 11:42:46,8,RU,2017-02-09 11:35:33,9.06
2017-02-17 11:58:32,9,FR,2017-02-13 11:45:19,8.6
2017-02-10 11:28:43,19,US,2017-02-08 11:26:13,3.24
2017-02-16 15:38:06,6,FR,2017-02-14 15:35:08,5.57
2017-02-20 13:34:42,0,US,2017-02-13 13:34:27,1.74
2017-03-03 13:04:11,29,US,2017-02-21 12:53:30,2.38
2017-03-06 11:03:57,20,FR,2017-03-06 10:47:42,2.59
2017-02-13 13:43:38,0,US,2017-02-13 13:34:27,8.99
2017-03-06 15:08:42,14,RU,2017-03-05 14:58:54,4.99
2017-02-06 13:46:28,22,FR,2017-02-04 13:34:05,9.41
2017-02-10 11:31:11,19,US,2017-02-08 11:26:13,7.44
2017-02-16 14:58:54,17,FR,2017-02-12 14:52:01,3.32
2017-02-11 11:51:51,8,RU,2017-02-09 11:35:33,6.29
2017-02-20 11:50:30,9,FR,2017-02-13 11:45:19,3.79
2017-02-17 11:27:40,19,US,2017-02-08 11:26:13,3.11
2017-02-08 14:33:08,18,FR,2017-02-05 14:16:48,5.0
2017-03-03 11:47:36,1,US,2017-02-22 11:46:18,8.3
2017-02-22 15:49:48,6,FR,2017-02-14 15:35:08,1.2
2017-02-23 13:45:08,0,US,2017-02-13 13:34:27,3.63
2017-02-24 14:35:26,23,RU,2017-02-24 14:24:14,2.84
2017-03-25 14:06:20,7,US,2017-03-20 14:00:56,8.71
2017-02-12 12:08:25,24,RU,2017-02-11 12:03:40,8.02
2017-02-13 15:11:48,13,RU,2017-02-07 15:04:36,3.26
2017-03-06 15:11:21,14,RU,2017-03-05 14:58:54,7.49
2017-02-17 11:35:53,8,RU,2017-02-09 11:35:33,7.12
2017-02-09 13:08:16,26,RU,2017-02-02 13:01:55,8.94
2017-03-16 13:30:04,10,FR,2017-03-10 13:14:46,5.21
2017-02-28 15:25:52,3,RU,2017-02-18 15:20:14,9.65
2017-03-15 10:40:32,12,RU,2017-03-08 10:34:51,1.46
2017-02-15 11:47:07,9,FR,2017-02-13 11:45:19,2.75
2017-03-02 13:08:57,29,US,2017-02-21 12:53:30,5.66
2017-02-13 10:30:50,25,FR,2017-02-05 10:30:31,3.71
2017-03-13 14:13:57,11,US,2017-03-06 14:13:01,1.04
2017-02-10 11:47:59,8,RU,2017-02-09 11:35:33,2.64
2017-02-09 14:31:17,18,FR,2017-02-05 14:16:48,3.56
2017-03-11 15:00:56,14,RU,2017-03-05 14:58:54,9.85
2017-03-10 13:27:25,10,FR,2017-03-10 13:14:46,5.34
2017-03-26 13:29:51,27,RU,2017-03-16 13:17:07,7.57
2017-02-14 13:37:13,0,US,2017-02-13 13:34:27,3.64
2017-02-09 11:51:32,8,RU,2017-02-09 11:35:33,4.77
2017-02-09 15:07:16,13,RU,2017-02-07 15:04:36,5.63
2017-02-20 14:54:07,17,FR,2017-02-12 14:52:01,1.21
2017-02-16 14:40:35,4,US,2017-02-09 14:27:29,5.26
2017-02-11 15:10:58,13,RU,2017-02-07 15:04:36,1.44
2017-03-21 13:18:43,27,RU,2017-03-16 13:17:07,4.68
2017-03-13 13:21:27,10,FR,2017-03-10 13:14:46,3.12
2017-03-12 10:59:48,20,FR,2017-03-06 10:47:42,5.22
2017-02-13 14:40:06,4,US,2017-02-09 14:27:29,6.67
2017-03-17 13:27:10,10,FR,2017-03-10 13:14:46,4.63
2017-02-25 15:34:19,3,RU,2017-02-18 15:20:14,8.59
2017-02-02 13:11:20,26,RU,2017-02-02 13:01:55,5.34
2017-02-25 14:26:22,23,RU,2017-02-24 14:24:14,7.52
2017-03-23 14:04:45,7,US,2017-03-20 14:00:56,4.27
2017-02-12 11:27:01,19,US,2017-02-08 11:26:13,3.78
2017-03-24 14:14:05,7,US,2017-03-20 14:00:56,8.26
2017-03-18 10:39:39,12,RU,2017-03-08 10:34:51,3.44
2017-02-10 13:43:48,22,FR,2017-02-04 13:34:05,2.78
2017-02-27 14:37:30,23,RU,2017-02-24 14:24:14,6.83
2017-02-28 15:23:52,3,RU,2017-02-18 15:20:14,2.41
2017-03-07 14:21:31,11,US,2017-03-06 14:13:01,8.38
2017-02-10 13:48:57,22,FR,2017-02-04 13:34:05,4.06
2017-02-25 14:40:20,23,RU,2017-02-24 14:24:14,5.95
2017-02-17 11:56:40,9,FR,2017-02-13 11:45:19,5.6
2017-02-24 15:21:23,3,RU,2017-02-18 15:20:14,3.49
2017-03-26 13:31:24,27,RU,2017-03-16 13:17:07,5.29
2017-03-19 13:17:45,27,RU,2017-03-16 13:17:07,5.84
2017-03-15 13:17:07,10,FR,2017-03-10 13:14:46,6.38
2017-02-07 13:09:59,26,RU,2017-02-02 13:01:55,3.31
2017-03-04 14:32:16,23,RU,2017-02-24 14:24:14,9.44
2017-02-15 11:43:48,8,RU,2017-02-09 11:35:33,7.18
2017-03-01 14:19:00,2,US,2017-02-26 14:07:32,9.07
2017-03-04 14:15:23,2,US,2017-02-26 14:07:32,3.13
2017-03-08 14:13:09,11,US,2017-03-06 14:13:01,3.92
2017-03-28 14:03:52,7,US,2017-03-20 14:00:56,4.24
2017-02-07 14:30:53,18,FR,2017-02-05 14:16:48,1.56
2017-03-07 14:08:19,2,US,2017-02-26 14:07:32,1.66
2017-02-14 14:24:52,18,FR,2017-02-05 14:16:48,3.35
2017-03-11 14:26:40,11,US,2017-03-06 14:13:01,2.37
2017-02-27 15:32:42,3,RU,2017-02-18 15:20:14,4.42
2017-02-11 13:46:11,22,FR,2017-02-04 13:34:05,3.2
2017-03-06 15:05:07,14,RU,2017-03-05 14:58:54,3.55
2017-02-25 14:35:39,23,RU,2017-02-24 14:24:14,8.46
2017-02-17 15:49:56,6,FR,2017-02-14 15:35:08,8.49
2017-02-03 13:16:35,26,RU,2017-02-02 13:01:55,7.18
2017-03-19 13:16:02,10,FR,2017-03-10 13:14:46,5.31
2017-03-23 13:23:05,27,RU,2017-03-16 13:17:07,2.09
2017-03-06 14:14:15,2,US,2017-02-26 14:07:32,5.18
2017-02-13 15:07:06,16,US,2017-02-05 14:59:24,3.23
2017-03-11 14:23:40,11,US,2017-03-06 14:13:01,6.21
2017-02-24 14:05:49,5,RU,2017-02-16 13:56:45,5.75
2017-02-28 11:57:28,1,US,2017-02-22 11:46:18,5.17
2017-02-26 15:33:01,3,RU,2017-02-18 15:20:14,5.45
2017-03-16 10:35:50,12,RU,2017-03-08 10:34:51,8.9
2017-02-14 13:45:31,22,FR,2017-02-04 13:34:05,1.89
2017-02-14 14:55:37,17,FR,2017-02-12 14:52:01,2.19
2017-03-29 10:34:30,21,RU,2017-03-21 10:29:04,3.86
2017-02-08 15:10:57,13,RU,2017-02-07 15:04:36,6.19
2017-02-04 13:49:10,22,FR,2017-02-04 13:34:05,3.61
2017-02-11 15:20:27,13,RU,2017-02-07 15:04:36,5.33
2017-02-17 12:15:41,24,RU,2017-02-11 12:03:40,8.24
2017-02-21 13:42:59,0,US,2017-02-13 13:34:27,8.48
2017-03-12 15:12:52,14,RU,2017-03-05 14:58:54,7.53
2017-02-18 15:32:45,3,RU,2017-02-18 15:20:14,5.4
2017-02-20 11:56:54,9,FR,2017-02-13 11:45:19,8.68
2017-02-06 13:18:03,26,RU,2017-02-02 13:01:55,9.18
2017-02-17 15:19:32,13,RU,2017-02-07 15:04:36,3.06
2017-02-22 15:04:23,17,FR,2017-02-12 14:52:01,8.2
2017-02-08 13:17:04,26,RU,2017-02-02 13:01:55,8.67
2017-02-21 11:51:05,9,FR,2017-02-13 11:45:19,4.24
2017-02-24 15:49:43,6,FR,2017-02-14 15:35:08,1.9
2017-03-14 11:02:57,20,FR,2017-03-06 10:47:42,9.46
2017-03-03 11:59:44,1,US,2017-02-22 11:46:18,6.78
2017-02-10 13:12:12,26,RU,2017-02-02 13:01:55,6.77
2017-02-06 13:50:11,22,FR,2017-02-04 13:34:05,4.55
2017-02-11 11:34:40,19,US,2017-02-08 11:26:13,3.31
2017-03-02 11:51:56,15,RU,2017-02-28 11:37:13,2.87
2017-02-18 12:16:32,28,US,2017-02-13 12:10:32,4.34
2017-02-12 13:40:58,22,FR,2017-02-04 13:34:05,5.47
2017-02-24 12:02:29,1,US,2017-02-22 11:46:18,4.73
2017-03-24 10:44:16,21,RU,2017-03-21 10:29:04,1.21
2017-02-12 14:29:43,4,US,2017-02-09 14:27:29,6.15
2017-02-24 14:09:22,5,RU,2017-02-16 13:56:45,6.8
2017-03-21 14:05:27,7,US,2017-03-20 14:00:56,8.18
2017-03-21 14:01:15,7,US,2017-03-20 14:00:56,7.47
2017-02-13 14:27:58,4,US,2017-02-09 14:27:29,8.93
2017-02-23 15:31:05,3,RU,2017-02-18 15:20:14,8.09
2017-03-16 13:27:52,27,RU,2017-03-16 13:17:07,7.56
2017-03-21 10:29:31,21,RU,2017-03-21 10:29:04,1.94
2017-02-15 14:57:19,17,FR,2017-02-12 14:52:01,7.24
2017-03-14 14:15:13,11,US,2017-03-06 14:13:01,1.28
2017-02-17 14:31:22,4,US,2017-02-09 14:27:29,2.65
2017-02-08 10:38:32,25,FR,2017-02-05 10:30:31,4.01
2017-02-27 15:29:27,3,RU,2017-02-18 15:20:14,4.15
2017-02-16 15:39:32,6,FR,2017-02-14 15:35:08,7.15
2017-02-22 13:03:35,29,US,2017-02-21 12:53:30,8.37
2017-02-23 13:44:50,0,US,2017-02-13 13:34:27,9.24
2017-03-17 10:49:41,12,RU,2017-03-08 10:34:51,1.65
2017-02-07 15:11:20,16,US,2017-02-05 14:59:24,6.69
2017-02-21 11:50:17,9,FR,2017-02-13 11:45:19,2.81
2017-02-25 11:58:54,1,US,2017-02-22 11:46:18,8.64
2017-03-02 12:57:50,29,US,2017-02-21 12:53:30,7.7
2017-03-11 15:06:41,14,RU,2017-03-05 14:58:54,2.23
2017-03-25 14:11:43,7,US,2017-03-20 14:00:56,4.33
2017-02-27 14:12:47,2,US,2017-02-26 14:07:32,2.89
2017-02-16 15:11:37,13,RU,2017-02-07 15:04:36,2.07
2017-02-09 11:36:19,8,RU,2017-02-09 11:35:33,1.94
2017-02-11 10:36:26,25,FR,2017-02-05 10:30:31,6.94
2017-02-09 10:37:58,25,FR,2017-02-05 10:30:31,6.05
2017-02-13 15:19:10,13,RU,2017-02-07 15:04:36,1.4
2017-03-03 11:46:41,1,US,2017-02-22 11:46:18,2.92
2017-03-16 10:44:19,12,RU,2017-03-08 10:34:51,4.42
2017-02-05 13:49:55,22,FR,2017-02-04 13:34:05,7.34
2017-03-04 12:00:35,1,US,2017-02-22 11:46:18,2.47
2017-02-17 12:25:14,28,US,2017-02-13 12:10:32,4.53
2017-02-15 15:48:26,6,FR,2017-02-14 15:35:08,9.69
2017-02-13 15:07:57,17,FR,2017-02-12 14:52:01,7.82
2017-03-01 14:39:54,23,RU,2017-02-24 14:24:14,3.59
2017-03-20 13:24:44,27,RU,2017-03-16 13:17:07,2.88
2017-02-14 11:54:32,9,FR,2017-02-13 11:45:19,6.7
2017-02-12 14:41:35,4,US,2017-02-09 14:27:29,8.65
2017-02-26 13:57:41,5,RU,2017-02-16 13:56:45,6.82
2017-03-13 15:00:22,14,RU,2017-03-05 14:58:54,3.6
2017-02-24 13:06:34,29,US,2017-02-21 12:53:30,7.45
2017-03-13 15:05:45,14,RU,2017-03-05 14:58:54,8.52
2017-02-25 12:00:56,1,US,2017-02-22 11:46:18,3.53
2017-02-13 11:52:07,8,RU,2017-02-09 11:35:33,2.6
2017-03-15 14:16:53,11,US,2017-03-06 14:13:01,8.1
2017-02-12 14:35:04,4,US,2017-02-09 14:27:29,5.09
2017-02-19 12:14:08,24,RU,2017-02-11 12:03:40,6.71
2017-02-13 15:16:48,13,RU,2017-02-07 15:04:36,2.37
2017-02-12 10:42:10,25,FR,2017-02-05 10:30:31,3.27
2017-03-05 14:15:39,2,US,2017-02-26 14:07:32,7.13
2017-02-17 14:27:59,4,US,2017-02-09 14:27:29,6.43
2017-02-19 15:23:38,3,RU,2017-02-18 15:20:14,8.09
2017-02-18 11:36:05,8,RU,2017-02-09 11:35:33,4.33
2017-02-14 11:42:20,19,US,2017-02-08 11:26:13,3.13
2017-02-28 11:47:08,15,RU,2017-02-28 11:37:13,4.78
2017-03-13 13:14:52,10,FR,2017-03-10 13:14:46,9.87
2017-02-07 10:41:29,25,FR,2017-02-05 10:30:31,5.41
2017-03-01 14:13:13,2,US,2017-02-26 14:07:32,6.22
2017-03-11 14:17:05,11,US,2017-03-06 14:13:01,5.01
2017-02-21 15:30:21,3,RU,2017-02-18 15:20:14,1.29
2017-03-21 10:35:20,21,RU,2017-03-21 10:29:04,6.38
2017-02-17 14:36:18,4,US,2017-02-09 14:27:29,9.85
2017-02-12 15:17:22,13,RU,2017-02-07 15:04:36,1.93
2017-02-25 14:31:15,23,RU,2017-02-24 14:24:14,9.37
2017-02-08 13:50:43,22,FR,2017-02-04 13:34:05,8.27
2017-02-10 15:20:57,13,RU,2017-02-07 15:04:36,9.47
2017-02-05 15:14:01,16,US,2017-02-05 14:59:24,1.44
2017-02-19 12:22:28,28,US,2017-02-13 12:10:32,6.28
2017-02-20 15:00:33,17,FR,2017-02-12 14:52:01,2.59
2017-02-17 14:04:55,5,RU,2017-02-16 13:56:45,6.5
2017-03-26 14:12:59,7,US,2017-03-20 14:00:56,9.17
2017-03-20 13:22:09,10,FR,2017-03-10 13:14:46,1.93
2017-02-08 11:39:27,19,US,2017-02-08 11:26:13,5.05
2017-02-21 12:25:50,28,US,2017-02-13 12:10:32,5.88
2017-02-16 13:50:49,0,US,2017-02-13 13:34:27,3.79
2017-03-17 13:25:52,10,FR,2017-03-10 13:14:46,9.32
2017-02-19 11:37:02,8,RU,2017-02-09 11:35:33,1.59
2017-02-25 12:00:34,1,US,2017-02-22 11:46:18,6.52
2017-02-11 11:49:39,8,RU,2017-02-09 11:35:33,4.61
2017-03-06 14:21:33,11,US,2017-03-06 14:13:01,1.1
2017-03-13 15:06:29,14,RU,2017-03-05 14:58:54,3.84
2017-02-14 15:44:20,6,FR,2017-02-14 15:35:08,7.8
2017-02-07 14:31:26,18,FR,2017-02-05 14:16:48,7.87
2017-03-15 10:37:05,12,RU,2017-03-08 10:34:51,8.05
2017-02-14 12:15:29,28,US,2017-02-13 12:10:32,9.94
2017-03-08 11:41:26,15,RU,2017-02-28 11:37:13,2.36
2017-02-10 11:26:48,19,US,2017-02-08 11:26:13,1.76
2017-02-14 12:09:06,24,RU,2017-02-11 12:03:40,5.19
2017-02-17 15:50:34,6,FR,2017-02-14 15:35:08,1.95
2017-03-25 10:45:38,21,RU,2017-03-21 10:29:04,1.33
2017-02-06 13:34:31,22,FR,2017-02-04 13:34:05,6.03
2017-02-09 14:29:44,4,US,2017-02-09 14:27:29,6.2
2017-02-23 14:05:14,5,RU,2017-02-16 13:56:45,5.74
2017-02-16 12:15:49,24,RU,2017-02-11 12:03:40,3.76
2017-02-09 11:44:32,8,RU,2017-02-09 11:35:33,4.02
2017-03-07 14:18:48,11,US,2017-03-06 14:13:01,1.19
2017-02-17 12:01:32,9,FR,2017-02-13 11:45:19,9.8
2017-02-24 15:41:43,6,FR,2017-02-14 15:35:08,1.13
2017-02-22 11:59:27,9,FR,2017-02-13 11:45:19,9.85
2017-02-18 11:38:55,8,RU,2017-02-09 11:35:33,5.08
2017-03-13 13:19:08,10,FR,2017-03-10 13:14:46,1.1
2017-03-05 14:25:24,23,RU,2017-02-24 14:24:14,8.6
2017-02-18 13:39:16,0,US,2017-02-13 13:34:27,2.97
2017-02-12 11:40:12,19,US,2017-02-08 11:26:13,3.25
2017-03-05 14:11:58,2,US,2017-02-26 14:07:32,5.54
2017-02-15 12:18:27,28,US,2017-02-13 12:10:32,1.48
2017-03-03 11:47:36,1,US,2017-02-22 11:46:18,9.88
2017-03-15 13:17:46,10,FR,2017-03-10 13:14:46,5.2
2017-02-16 15:07:08,13,RU,2017-02-07 15:04:36,4.64
2017-03-11 10:42:50,12,RU,2017-03-08 10:34:51,9.11
2017-03-11 14:16:18,11,US,2017-03-06 14:13:01,2.07
2017-03-12 13:30:32,10,FR,2017-03-10 13:14:46,1.57
2017-02-24 15:22:31,3,RU,2017-02-18 15:20:14,6.6
2017-02-16 11:39:18,19,US,2017-02-08 11:26:13,1.99
2017-03-15 10:51:57,20,FR,2017-03-06 10:47:42,3.78
2017-02-17 14:12:25,5,RU,2017-02-16 13:56:45,8.02
2017-02-17 11:35:44,19,US,2017-02-08 11:26:13,2.09
2017-02-13 13:42:41,22,FR,2017-02-04 13:34:05,6.4
2017-02-08 13:11:35,26,RU,2017-02-02 13:01:55,3.54
2017-03-20 13:31:58,27,RU,2017-03-16 13:17:07,8.52
2017-02-05 15:08:43,16,US,2017-02-05 14:59:24,2.02
2017-02-24 15:35:29,6,FR,2017-02-14 15:35:08,2.67
2017-03-05 14:37:32,23,RU,2017-02-24 14:24:14,7.26
2017-02-13 13:39:55,0,US,2017-02-13 13:34:27,9.51
2017-02-13 15:18:49,13,RU,2017-02-07 15:04:36,4.79
2017-02-09 10:44:48,25,FR,2017-02-05 10:30:31,3.23
2017-02-26 13:07:45,29,US,2017-02-21 12:53:30,7.12
2017-02-19 11:41:45,8,RU,2017-02-09 11:35:33,7.71
2017-03-06 14:18:36,11,US,2017-03-06 14:13:01,9.15
2017-02-09 11:50:51,8,RU,2017-02-09 11:35:33,2.78
2017-03-11 10:44:27,12,RU,2017-03-08 10:34:51,4.58
2017-02-27 11:54:06,1,US,2017-02-22 11:46:18,5.54
2017-03-15 14:13:57,11,US,2017-03-06 14:13:01,2.27
2017-03-20 13:24:38,10,FR,2017-03-10 13:14:46,1.32
2017-02-15 12:14:24,24,RU,2017-02-11 12:03:40,9.23
2017-02-14 11:42:43,19,US,2017-02-08 11:26:13,8.25
2017-02-08 13:41:11,22,FR,2017-02-04 13:34:05,5.09
2017-02-24 14:07:51,5,RU,2017-02-16 13:56:45,7.64
2017-03-03 13:03:38,29,US,2017-02-21 12:53:30,6.59
2017-02-13 11:52:12,8,RU,2017-02-09 11:35:33,8.94
2017-02-14 13:42:05,0,US,2017-02-13 13:34:27,4.83
2017-02-21 13:07:12,29,US,2017-02-21 12:53:30,9.96
2017-02-14 14:33:20,4,US,2017-02-09 14:27:29,4.22
2017-02-26 13:01:24,29,US,2017-02-21 12:53:30,3.23
2017-02-07 15:05:48,16,US,2017-02-05 14:59:24,4.17
2017-02-12 11:44:04,8,RU,2017-02-09 11:35:33,5.03
2017-02-19 15:34:50,3,RU,2017-02-18 15:20:14,3.39
2017-03-08 15:08:41,14,RU,2017-03-05 14:58:54,6.17
